site,camera_trap,habitat_type,longitude_,latitude_,tree_height(m),canopy_cover(%),grass_cover(%),elevation(m),slope(°),aspect(°),ruggedness,serow detection,animal_cameratrap.camera_trap,animal_cameratrap.date,animal_cameratrap.species,animal_cameratrap.time,animal_cameratrap.individual
Disturbed 2,REC112,disturbed area,107.11402,4.76862,15,20,10,89.768,0,0,0,0,REC112,23/3/2019,Amaurornis phoenicurus,1:16:56 PM,1
Disturbed 2,REC112,disturbed area,107.11402,4.76862,15,20,10,89.768,0,0,0,0,REC112,24/3/2019,Amaurornis phoenicurus,3:52:51 PM,1
Disturbed 2,REC112,disturbed area,107.11402,4.76862,15,20,10,89.768,0,0,0,0,REC112,28/3/2019,Macaca fascicularis,4:52:51 PM,6
Disturbed 2,REC112,disturbed area,107.11402,4.76862,15,20,10,89.768,0,0,0,0,REC112,29/3/2019,Amaurornis phoenicurus,5:52:51 PM,1
Disturbed 2,REC112,disturbed area,107.11402,4.76862,15,20,10,89.768,0,0,0,0,REC112,30/3/2019,Amaurornis phoenicurus,6:52:51 PM,1
Disturbed 2,REC112,disturbed area,107.11402,4.76862,15,20,10,89.768,0,0,0,0,REC112,30/3/2019,Amaurornis phoenicurus,7:52:51 PM,1
Disturbed 2,REC112,disturbed area,107.11402,4.76862,15,20,10,89.768,0,0,0,0,REC112,1/4/2019,Amaurornis phoenicurus,8:52:51 PM,1
Disturbed 2,REC112,disturbed area,107.11402,4.76862,15,20,10,89.768,0,0,0,0,REC112,3/4/2019,Amaurornis phoenicurus,9:52:51 PM,1
Disturbed 2,REC112,disturbed area,107.11402,4.76862,15,20,10,89.768,0,0,0,0,REC112,6/4/2019,Capricornis sumantraensis,10:52:51 PM,1
Disturbed 2,REC112,disturbed area,107.11402,4.76862,15,20,10,89.768,0,0,0,0,REC112,6/4/2019,Amaurornis phoenicurus,11:52:51 PM,1
Disturbed 2,REC112,disturbed area,107.11402,4.76862,15,20,10,89.768,0,0,0,0,REC112,7/4/2019,Amaurornis phoenicurus,12:52:51 AM,1
Disturbed 2,REC112,disturbed area,107.11402,4.76862,15,20,10,89.768,0,0,0,0,REC112,7/4/2019,Macaca fascicularis,1:52:51 AM,1
Disturbed 2,REC112,disturbed area,107.11402,4.76862,15,20,10,89.768,0,0,0,0,REC112,8/4/2019,,2:52:51 AM,1
Disturbed 2,REC112,disturbed area,107.11402,4.76862,15,20,10,89.768,0,0,0,0,REC112,11/4/2019,Amaurornis phoenicurus,3:52:51 AM,1
Disturbed 2,REC112,disturbed area,107.11402,4.76862,15,20,10,89.768,0,0,0,0,REC112,13/4/2019,PEAGON,4:52:51 AM,1
Disturbed 2,REC112,disturbed area,107.11402,4.76862,15,20,10,89.768,0,0,0,0,REC112,13/4/2019,Amaurornis phoenicurus,5:52:51 AM,6
Disturbed 2,REC112,disturbed area,107.11402,4.76862,15,20,10,89.768,0,0,0,0,REC112,15/4/2019,Gallus gallus,6:52:51 AM,1
Disturbed 2,REC112,disturbed area,107.11402,4.76862,15,20,10,89.768,0,0,0,0,REC112,15/4/2019,Amaurornis phoenicurus,7:52:51 AM,1
Disturbed 2,REC112,disturbed area,107.11402,4.76862,15,20,10,89.768,0,0,0,0,REC112,16/4/2019,Viverra tangalunga,8:52:51 AM,1
Disturbed 2,REC112,disturbed area,107.11402,4.76862,15,20,10,89.768,0,0,0,0,REC112,16/4/2019,Gallus gallus,9:52:51 AM,1
Disturbed 2,REC112,disturbed area,107.11402,4.76862,15,20,10,89.768,0,0,0,0,REC112,17/4/2019,Amaurornis phoenicurus,10:52:51 AM,1
Disturbed 2,REC112,disturbed area,107.11402,4.76862,15,20,10,89.768,0,0,0,0,REC112,19/4/2019,Amaurornis phoenicurus,11:52:51 AM,1
Disturbed 2,REC112,disturbed area,107.11402,4.76862,15,20,10,89.768,0,0,0,0,REC112,20/4/2019,PEAGON,12:52:51 PM,1
Disturbed 2,REC112,disturbed area,107.11402,4.76862,15,20,10,89.768,0,0,0,0,REC112,20/4/2019,Macaca fascicularis,1:52:51 PM,6
Disturbed 2,REC112,disturbed area,107.11402,4.76862,15,20,10,89.768,0,0,0,0,REC112,24/4/2019,Amaurornis phoenicurus,2:52:51 PM,1
Disturbed 2,REC112,disturbed area,107.11402,4.76862,15,20,10,89.768,0,0,0,0,REC112,24/4/2019,Amaurornis phoenicurus,3:52:51 PM,1
Disturbed 2,REC112,disturbed area,107.11402,4.76862,15,20,10,89.768,0,0,0,0,REC112,25/4/2019,Amaurornis phoenicurus,4:52:51 PM,1
Disturbed 2,REC112,disturbed area,107.11402,4.76862,15,20,10,89.768,0,0,0,0,REC112,29/4/2019,Amaurornis phoenicurus,5:52:51 PM,1
Disturbed 2,REC112,disturbed area,107.11402,4.76862,15,20,10,89.768,0,0,0,0,REC112,29/4/2019,Amaurornis phoenicurus,6:52:51 PM,1
Disturbed 2,REC112,disturbed area,107.11402,4.76862,15,20,10,89.768,0,0,0,0,REC112,29/4/2019,Amaurornis phoenicurus,7:52:51 PM,1
Disturbed 2,REC112,disturbed area,107.11402,4.76862,15,20,10,89.768,0,0,0,0,REC112,30/4/2019,Amaurornis phoenicurus,8:52:51 PM,1
Disturbed 2,REC112,disturbed area,107.11402,4.76862,15,20,10,89.768,0,0,0,0,REC112,2/5/2019,Macaca fascicularis,9:52:51 PM,2
Disturbed 2,REC112,disturbed area,107.11402,4.76862,15,20,10,89.768,0,0,0,0,REC112,2/5/2019,Varanus salvato,10:52:51 PM,1
Disturbed 2,REC112,disturbed area,107.11402,4.76862,15,20,10,89.768,0,0,0,0,REC112,3/5/2019,,11:52:51 PM,
Disturbed 2,REC112,disturbed area,107.11402,4.76862,15,20,10,89.768,0,0,0,0,REC112,3/5/2019,Amaurornis phoenicurus,12:52:51 AM,1
Disturbed 2,REC112,disturbed area,107.11402,4.76862,15,20,10,89.768,0,0,0,0,REC112,5/5/2019,Amaurornis phoenicurus,1:52:51 AM,1
Disturbed 2,REC112,disturbed area,107.11402,4.76862,15,20,10,89.768,0,0,0,0,REC112,6/5/2019,Amaurornis phoenicurus,2:52:51 AM,1
Disturbed 2,REC112,disturbed area,107.11402,4.76862,15,20,10,89.768,0,0,0,0,REC112,6/5/2019,Amaurornis phoenicurus,3:52:51 AM,1
Disturbed 2,REC112,disturbed area,107.11402,4.76862,15,20,10,89.768,0,0,0,0,REC112,7/5/2019,Amaurornis phoenicurus,4:52:51 AM,1
Disturbed 2,REC112,disturbed area,107.11402,4.76862,15,20,10,89.768,0,0,0,0,REC112,7/5/2019,Amaurornis phoenicurus,5:52:51 AM,1
Disturbed 2,REC112,disturbed area,107.11402,4.76862,15,20,10,89.768,0,0,0,0,REC112,8/5/2019,Amaurornis phoenicurus,6:52:51 AM,1
Disturbed 2,REC112,disturbed area,107.11402,4.76862,15,20,10,89.768,0,0,0,0,REC112,9/5/2019,Amaurornis phoenicurus,7:52:51 AM,1
Disturbed 2,REC112,disturbed area,107.11402,4.76862,15,20,10,89.768,0,0,0,0,REC112,10/5/2019,Amaurornis phoenicurus,8:52:51 AM,1
Disturbed 2,REC112,disturbed area,107.11402,4.76862,15,20,10,89.768,0,0,0,0,REC112,11/5/2019,Amaurornis phoenicurus,9:52:51 AM,1
Disturbed 2,REC112,disturbed area,107.11402,4.76862,15,20,10,89.768,0,0,0,0,REC112,13/5/2019,Amaurornis phoenicurus,10:52:51 AM,1
Disturbed 2,REC112,disturbed area,107.11402,4.76862,15,20,10,89.768,0,0,0,0,REC112,13/5/2019,Amaurornis phoenicurus,11:52:51 AM,1
Disturbed 2,REC112,disturbed area,107.11402,4.76862,15,20,10,89.768,0,0,0,0,REC112,18/5/2019,Amaurornis phoenicurus,12:52:51 PM,1
Disturbed 2,REC112,disturbed area,107.11402,4.76862,15,20,10,89.768,0,0,0,0,REC112,18/5/2019,Amaurornis phoenicurus,1:52:51 PM,1
Disturbed 2,REC112,disturbed area,107.11402,4.76862,15,20,10,89.768,0,0,0,0,REC112,19/5/2019,Macaca fascicularis,2:52:51 PM,1
Disturbed 2,REC112,disturbed area,107.11402,4.76862,15,20,10,89.768,0,0,0,0,REC112,19/5/2019,Macaca fascicularis,3:52:51 PM,5
Disturbed 2,REC112,disturbed area,107.11402,4.76862,15,20,10,89.768,0,0,0,0,REC112,20/5/2019,Amaurornis phoenicurus,4:52:51 PM,1
Disturbed 2,REC112,disturbed area,107.11402,4.76862,15,20,10,89.768,0,0,0,0,REC112,20/5/2019,Amaurornis phoenicurus,5:52:51 PM,1
Disturbed 2,REC112,disturbed area,107.11402,4.76862,15,20,10,89.768,0,0,0,0,REC112,24/5/2019,Amaurornis phoenicurus,6:52:51 PM,1
Disturbed 2,REC112,disturbed area,107.11402,4.76862,15,20,10,89.768,0,0,0,0,REC112,24/5/2019,Amaurornis phoenicurus,7:52:51 PM,1
Disturbed 2,REC112,disturbed area,107.11402,4.76862,15,20,10,89.768,0,0,0,0,REC112,24/5/2019,Amaurornis phoenicurus,8:52:51 PM,1
Disturbed 2,REC112,disturbed area,107.11402,4.76862,15,20,10,89.768,0,0,0,0,REC112,24/5/2019,Amaurornis phoenicurus,9:52:51 PM,1
Disturbed 2,REC112,disturbed area,107.11402,4.76862,15,20,10,89.768,0,0,0,0,REC112,26/5/2019,Amaurornis phoenicurus,10:52:51 PM,1
Disturbed 2,REC112,disturbed area,107.11402,4.76862,15,20,10,89.768,0,0,0,0,REC112,26/5/2019,Varanus salvato,11:52:51 PM,1
Disturbed 2,REC112,disturbed area,107.11402,4.76862,15,20,10,89.768,0,0,0,0,REC112,26/5/2019,Amaurornis phoenicurus,12:52:51 AM,1
Disturbed 2,REC112,disturbed area,107.11402,4.76862,15,20,10,89.768,0,0,0,0,REC112,27/5/2019,Amaurornis phoenicurus,1:52:51 AM,1
Disturbed 2,REC112,disturbed area,107.11402,4.76862,15,20,10,89.768,0,0,0,0,REC112,27/5/2019,Amaurornis phoenicurus,2:52:51 AM,1
Disturbed 2,REC112,disturbed area,107.11402,4.76862,15,20,10,89.768,0,0,0,0,REC112,27/5/2019,Amaurornis phoenicurus,3:52:51 AM,1
Disturbed 2,REC112,disturbed area,107.11402,4.76862,15,20,10,89.768,0,0,0,0,REC112,30/5/2019,Amaurornis phoenicurus,4:52:51 AM,1
Disturbed 2,REC112,disturbed area,107.11402,4.76862,15,20,10,89.768,0,0,0,0,REC112,31/5/2019,Amaurornis phoenicurus,5:52:51 AM,1
Disturbed 2,REC112,disturbed area,107.11402,4.76862,15,20,10,89.768,0,0,0,0,REC112,31/5/2019,Amaurornis phoenicurus,6:52:51 AM,1
Disturbed 2,REC112,disturbed area,107.11402,4.76862,15,20,10,89.768,0,0,0,0,REC112,31/5/2019,Amaurornis phoenicurus,7:52:51 AM,1
Disturbed 2,REC112,disturbed area,107.11402,4.76862,15,20,10,89.768,0,0,0,0,REC112,1/6/2019,Amaurornis phoenicurus,8:52:51 AM,1
Disturbed 2,REC112,disturbed area,107.11402,4.76862,15,20,10,89.768,0,0,0,0,REC112,2/6/2019,Macaca fascicularis,9:52:51 AM,1
Disturbed 2,REC112,disturbed area,107.11402,4.76862,15,20,10,89.768,0,0,0,0,REC112,2/6/2019,Amaurornis phoenicurus,10:52:51 AM,1
Disturbed 2,REC112,disturbed area,107.11402,4.76862,15,20,10,89.768,0,0,0,0,REC112,7/6/2019,Amaurornis phoenicurus,11:52:51 AM,1
Disturbed 2,REC112,disturbed area,107.11402,4.76862,15,20,10,89.768,0,0,0,0,REC112,10/6/2019,Amaurornis phoenicurus,12:52:51 PM,1
Disturbed 2,REC112,disturbed area,107.11402,4.76862,15,20,10,89.768,0,0,0,0,REC112,10/6/2019,Amaurornis phoenicurus,1:52:51 PM,1
Disturbed 2,REC112,disturbed area,107.11402,4.76862,15,20,10,89.768,0,0,0,0,REC112,11/6/2019,Amaurornis phoenicurus,2:52:51 PM,1
Disturbed 2,REC112,disturbed area,107.11402,4.76862,15,20,10,89.768,0,0,0,0,REC112,11/6/2019,Amaurornis phoenicurus,3:52:51 PM,1
Disturbed 2,REC112,disturbed area,107.11402,4.76862,15,20,10,89.768,0,0,0,0,REC112,11/6/2019,Amaurornis phoenicurus,4:52:51 PM,1
Disturbed 2,REC112,disturbed area,107.11402,4.76862,15,20,10,89.768,0,0,0,0,REC112,11/6/2019,Amaurornis phoenicurus,5:52:51 PM,1
Disturbed 2,REC112,disturbed area,107.11402,4.76862,15,20,10,89.768,0,0,0,0,REC112,12/6/2019,Amaurornis phoenicurus,6:52:51 PM,2
Disturbed 2,REC112,disturbed area,107.11402,4.76862,15,20,10,89.768,0,0,0,0,REC112,12/6/2019,Amaurornis phoenicurus,7:52:51 PM,1
Disturbed 2,REC112,disturbed area,107.11402,4.76862,15,20,10,89.768,0,0,0,0,REC112,12/6/2019,Amaurornis phoenicurus,8:52:51 PM,1
Disturbed 2,REC112,disturbed area,107.11402,4.76862,15,20,10,89.768,0,0,0,0,REC112,12/6/2019,Amaurornis phoenicurus,9:52:51 PM,1
Disturbed 2,REC112,disturbed area,107.11402,4.76862,15,20,10,89.768,0,0,0,0,REC112,12/6/2019,Amaurornis phoenicurus,10:52:51 PM,1
Disturbed 2,REC112,disturbed area,107.11402,4.76862,15,20,10,89.768,0,0,0,0,REC112,13/6/2019,Amaurornis phoenicurus,11:52:51 PM,1
Disturbed 2,REC112,disturbed area,107.11402,4.76862,15,20,10,89.768,0,0,0,0,REC112,13/6/2019,Amaurornis phoenicurus,12:52:51 AM,1
Disturbed 2,REC112,disturbed area,107.11402,4.76862,15,20,10,89.768,0,0,0,0,REC112,13/6/2019,Amaurornis phoenicurus,1:52:51 AM,1
Disturbed 2,REC112,disturbed area,107.11402,4.76862,15,20,10,89.768,0,0,0,0,REC112,13/6/2019,Amaurornis phoenicurus,2:52:51 AM,1
Disturbed 2,REC112,disturbed area,107.11402,4.76862,15,20,10,89.768,0,0,0,0,REC112,14/6/2019,Amaurornis phoenicurus,3:52:51 AM,1
Disturbed 2,REC112,disturbed area,107.11402,4.76862,15,20,10,89.768,0,0,0,0,REC112,14/6/2019,Amaurornis phoenicurus,4:52:51 AM,1
Disturbed 2,REC112,disturbed area,107.11402,4.76862,15,20,10,89.768,0,0,0,0,REC112,14/6/2019,Macaca fascicularis,5:52:51 AM,7
Disturbed 2,REC112,disturbed area,107.11402,4.76862,15,20,10,89.768,0,0,0,0,REC112,15/6/2019,Amaurornis phoenicurus,6:52:51 AM,1
Disturbed 2,REC112,disturbed area,107.11402,4.76862,15,20,10,89.768,0,0,0,0,REC112,15/6/2019,Amaurornis phoenicurus,7:52:51 AM,1
Disturbed 2,REC112,disturbed area,107.11402,4.76862,15,20,10,89.768,0,0,0,0,REC112,16/6/2019,Amaurornis phoenicurus,8:52:51 AM,1
Disturbed 2,REC112,disturbed area,107.11402,4.76862,15,20,10,89.768,0,0,0,0,REC112,16/6/2019,Macaca fascicularis,9:52:51 AM,3
Disturbed 2,REC112,disturbed area,107.11402,4.76862,15,20,10,89.768,0,0,0,0,REC112,18/6/2019,Amaurornis phoenicurus,10:52:51 AM,1
Disturbed 2,REC112,disturbed area,107.11402,4.76862,15,20,10,89.768,0,0,0,0,REC112,18/6/2019,Amaurornis phoenicurus,11:52:51 AM,1
Disturbed 2,REC112,disturbed area,107.11402,4.76862,15,20,10,89.768,0,0,0,0,REC112,19/6/2019,Amaurornis phoenicurus,12:52:51 PM,1
Disturbed 2,REC112,disturbed area,107.11402,4.76862,15,20,10,89.768,0,0,0,0,REC112,20/6/2019,Amaurornis phoenicurus,1:52:51 PM,1
Disturbed 2,REC112,disturbed area,107.11402,4.76862,15,20,10,89.768,0,0,0,0,REC112,26/6/2019,Amaurornis phoenicurus,2:52:51 PM,1
Disturbed 2,REC112,disturbed area,107.11402,4.76862,15,20,10,89.768,0,0,0,0,REC112,26/6/2019,Amaurornis phoenicurus,3:52:51 PM,1
Disturbed 2,REC112,disturbed area,107.11402,4.76862,15,20,10,89.768,0,0,0,0,REC112,3/7/2019,Macaca fascicularis,4:52:51 PM,1
Disturbed 2,REC112,disturbed area,107.11402,4.76862,15,20,10,89.768,0,0,0,0,REC112,4/7/2019,Amaurornis phoenicurus,5:52:51 PM,1
Disturbed 2,REC112,disturbed area,107.11402,4.76862,15,20,10,89.768,0,0,0,0,REC112,4/7/2018,Amaurornis phoenicurus,6:52:51 PM,1
Disturbed 2,REC112,disturbed area,107.11402,4.76862,15,20,10,89.768,0,0,0,0,REC112,5/7/2018,Amaurornis phoenicurus,7:52:51 PM,1
Disturbed 2,REC112,disturbed area,107.11402,4.76862,15,20,10,89.768,0,0,0,0,REC112,6/7/2018,Amaurornis phoenicurus,8:52:51 PM,1
Disturbed 2,REC112,disturbed area,107.11402,4.76862,15,20,10,89.768,0,0,0,0,REC112,7/7/2018,Amaurornis phoenicurus,9:52:51 PM,1
Disturbed 2,REC112,disturbed area,107.11402,4.76862,15,20,10,89.768,0,0,0,0,REC112,7/7/2019,Amaurornis phoenicurus,10:52:51 PM,1
Disturbed 2,REC112,disturbed area,107.11402,4.76862,15,20,10,89.768,0,0,0,0,REC112,7/7/2019,Amaurornis phoenicurus,11:52:51 PM,1
Disturbed 2,REC112,disturbed area,107.11402,4.76862,15,20,10,89.768,0,0,0,0,REC112,8/7/2019,DOG,12:52:51 AM,2
Disturbed 2,REC112,disturbed area,107.11402,4.76862,15,20,10,89.768,0,0,0,0,REC112,8/7/2019,Amaurornis phoenicurus,1:52:51 AM,1
Disturbed 2,REC112,disturbed area,107.11402,4.76862,15,20,10,89.768,0,0,0,0,REC112,9/7/2019,Amaurornis phoenicurus,2:52:51 AM,1
Disturbed 2,REC112,disturbed area,107.11402,4.76862,15,20,10,89.768,0,0,0,0,REC112,10/7/2019,Amaurornis phoenicurus,3:52:51 AM,1
Disturbed 2,REC112,disturbed area,107.11402,4.76862,15,20,10,89.768,0,0,0,0,REC112,11/7/2019,Amaurornis phoenicurus,4:52:51 AM,1
Disturbed 2,REC112,disturbed area,107.11402,4.76862,15,20,10,89.768,0,0,0,0,REC112,11/7/2019,Amaurornis phoenicurus,5:52:51 AM,1
Disturbed 2,REC112,disturbed area,107.11402,4.76862,15,20,10,89.768,0,0,0,0,REC112,11/7/2019,Macaca fascicularis,6:52:51 AM,8
Disturbed 2,REC112,disturbed area,107.11402,4.76862,15,20,10,89.768,0,0,0,0,REC112,13/7/2019,Macaca fascicularis,7:52:51 AM,5
Disturbed 2,REC112,disturbed area,107.11402,4.76862,15,20,10,89.768,0,0,0,0,REC112,15/7/2019,Amaurornis phoenicurus,8:52:51 AM,1
Disturbed 2,REC115,disturbed area,107.11452,4.76628,15,20,10,95.296,0,0,0,1,REC115,27/2/2019,DOG,9:52:51 AM,1
Disturbed 2,REC115,disturbed area,107.11452,4.76628,15,20,10,95.296,0,0,0,1,REC115,18/3/2019,Macaca fascicularis,10:52:51 AM,9
Disturbed 2,REC115,disturbed area,107.11452,4.76628,15,20,10,95.296,0,0,0,1,REC115,20/3/2019,,11:52:51 AM,
D,REC151,cave side swarmp,107.11812,4.76426,7,80,40,110.196,0,0,0,3,REC151,14/5/2019,Capricornis sumantraensis,12:52:51 PM,1
D,REC151,cave side swarmp,107.11812,4.76426,7,80,40,110.196,0,0,0,3,REC151,21/5/2019,Capricornis sumantraensis,1:52:51 PM,1
D,REC151,cave side swarmp,107.11812,4.76426,7,80,40,110.196,0,0,0,3,REC151,8/6/2019,PEAGONI,2:52:51 PM,1
D,REC151,cave side swarmp,107.11812,4.76426,7,80,40,110.196,0,0,0,3,REC151,30/6/2019,Capricornis sumantraensis,3:52:51 PM,1
D,REC187,cave side swarmp,107.11913,4.76292,7,80,40,113.561,0,0,0,3,REC187,14/5/2019,Capricornis sumantraensis,4:52:51 PM,1
D,REC187,cave side swarmp,107.11913,4.76292,7,80,40,113.561,0,0,0,3,REC187,20/5/2019,Capricornis sumantraensis,5:52:51 PM,1
D,REC187,cave side swarmp,107.11913,4.76292,7,80,40,113.561,0,0,0,3,REC187,22/5/2019,,6:52:51 PM,
D,REC187,cave side swarmp,107.11913,4.76292,7,80,40,113.561,0,0,0,3,REC187,23/5/2019,Macaca fascicularis,7:52:51 PM,1
D,REC187,cave side swarmp,107.11913,4.76292,7,80,40,113.561,0,0,0,3,REC187,26/5/2019,CROW,8:52:51 PM,1
D,REC187,cave side swarmp,107.11913,4.76292,7,80,40,113.561,0,0,0,3,REC187,26/5/2019,CROW,9:52:51 PM,1
D,REC187,cave side swarmp,107.11913,4.76292,7,80,40,113.561,0,0,0,3,REC187,4/6/2019,CROW,10:52:51 PM,1
D,REC187,cave side swarmp,107.11913,4.76292,7,80,40,113.561,0,0,0,3,REC187,6/6/2019,CROW,11:52:51 PM,1
D,REC187,cave side swarmp,107.11913,4.76292,7,80,40,113.561,0,0,0,3,REC187,11/6/2019,Macaca fascicularis,12:52:51 AM,2
D,REC187,cave side swarmp,107.11913,4.76292,7,80,40,113.561,0,0,0,3,REC187,14/6/2019,CROW,1:52:51 AM,1
D,REC187,cave side swarmp,107.11913,4.76292,7,80,40,113.561,0,0,0,3,REC187,30/6/2019,Capricornis sumantraensis,2:52:51 AM,1
D,REC187,cave side swarmp,107.11913,4.76292,7,80,40,113.561,0,0,0,3,REC187,4/7/2019,SQUIRREL,3:52:51 AM,1
D,REC187,cave side swarmp,107.11913,4.76292,7,80,40,113.561,0,0,0,3,REC187,5/7/2019,,4:52:51 AM,
D,REC187,cave side swarmp,107.11913,4.76292,7,80,40,113.561,0,0,0,3,REC187,6/7/2019,Macaca fascicularis,5:52:51 AM,1
A,HC500,foothill,107.11451,4.77806,10,60,70,116.444,0,0,0,0,HC500-2,24/4/2019,Sus scrofa,6:52:51 AM,1
A,HC501,foothill,107.11451,4.77806,,60,70,116.444,0,0,0,0,HC500-2,24/4/2019,Sus scrofa,7:52:51 AM,4
A,HC502,foothill,107.11451,4.77806,,60,70,116.444,0,0,0,0,HC500-2,24/4/2019,Sus scrofa,8:52:51 AM,4
A,HC503,foothill,107.11451,4.77806,,60,70,116.444,0,0,0,0,HC500-2,24/4/2019,Sus scrofa,9:52:51 AM,1
A,HC504,foothill,107.11451,4.77806,,60,70,116.444,0,0,0,0,HC500-2,26/4/2019,Sus scrofa,10:52:51 AM,1
A,HC505,foothill,107.11451,4.77806,,60,70,116.444,0,0,0,0,HC500-2,27/4/2019,Sus scrofa,11:52:51 AM,3
A,HC506,foothill,107.11451,4.77806,,60,70,116.444,0,0,0,0,HC500-2,27/4/2019,Sus scrofa,12:52:51 PM,1
A,HC507,foothill,107.11451,4.77806,,60,70,116.444,0,0,0,0,HC500-2,27/4/2019,Sus scrofa,1:52:51 PM,3
A,HC508,foothill,107.11451,4.77806,,60,70,116.444,0,0,0,0,HC500-2,28/4/2019,Sus scrofa,2:52:51 PM,1
A,HC509,foothill,107.11451,4.77806,,60,70,116.444,0,0,0,0,HC500-2,28/4/2019,Sus scrofa,3:52:51 PM,1
A,HC510,foothill,107.11451,4.77806,,60,70,116.444,0,0,0,0,HC500-2,29/4/2019,Sus scrofa,4:52:51 PM,1
A,HC511,foothill,107.11451,4.77806,,60,70,116.444,0,0,0,0,HC500-2,29/4/2019,Sus scrofa,5:52:51 PM,1
A,HC512,foothill,107.11451,4.77806,,60,70,116.444,0,0,0,0,HC500-2,29/4/2019,Sus scrofa,6:52:51 PM,1
A,HC513,foothill,107.11451,4.77806,,60,70,116.444,0,0,0,0,HC500-2,29/4/2019,Sus scrofa,7:52:51 PM,1
A,HC514,foothill,107.11451,4.77806,,60,70,116.444,0,0,0,0,HC500-2,29/4/2019,Sus scrofa,8:52:51 PM,1
A,HC515,foothill,107.11451,4.77806,,60,70,116.444,0,0,0,0,HC500-2,29/4/2019,Sus scrofa,9:52:51 PM,1
A,HC516,foothill,107.11451,4.77806,,60,70,116.444,0,0,0,0,HC500-2,29/4/2019,Sus scrofa,10:52:51 PM,1
A,HC517,foothill,107.11451,4.77806,,60,70,116.444,0,0,0,0,HC500-2,30/4/2019,,11:52:51 PM,
A,HC518,foothill,107.11451,4.77806,,60,70,116.444,0,0,0,0,HC500-2,30/4/2019,Sus scrofa,12:52:51 AM,1
A,HC519,foothill,107.11451,4.77806,,60,70,116.444,0,0,0,0,HC500-2,30/4/2019,Sus scrofa,1:52:51 AM,1
A,HC520,foothill,107.11451,4.77806,,60,70,116.444,0,0,0,0,HC500-2,30/4/2019,Macaca fascicularis,2:52:51 AM,1
A,HC521,foothill,107.11451,4.77806,,60,70,116.444,0,0,0,0,HC500-2,30/4/2019,Sus scrofa,3:52:51 AM,2
A,HC522,foothill,107.11451,4.77806,,60,70,116.444,0,0,0,0,HC500-2,30/4/2019,Sus scrofa,4:52:51 AM,1
A,HC523,foothill,107.11451,4.77806,,60,70,116.444,0,0,0,0,HC500-2,30/4/2019,Sus scrofa,5:52:51 AM,1
A,HC524,foothill,107.11451,4.77806,,60,70,116.444,0,0,0,0,HC500-2,1/5/2019,Macaca fascicularis,6:52:51 AM,1
A,HC525,foothill,107.11451,4.77806,,60,70,116.444,0,0,0,0,HC500-2,1/5/2019,Sus scrofa,7:52:51 AM,2
A,HC526,foothill,107.11451,4.77806,,60,70,116.444,0,0,0,0,HC500-2,1/5/2019,Sus scrofa,8:52:51 AM,2
A,HC527,foothill,107.11451,4.77806,,60,70,116.444,0,0,0,0,HC500-2,2/5/2019,Sus scrofa,9:52:51 AM,1
A,HC528,foothill,107.11451,4.77806,,60,70,116.444,0,0,0,0,HC500-2,2/5/2019,Sus scrofa,10:52:51 AM,1
A,HC529,foothill,107.11451,4.77806,,60,70,116.444,0,0,0,0,HC500-2,2/5/2019,Sus scrofa,11:52:51 AM,1
A,HC530,foothill,107.11451,4.77806,,60,70,116.444,0,0,0,0,HC500-2,2/5/2019,Macaca fascicularis,12:52:51 PM,1
A,HC531,foothill,107.11451,4.77806,,60,70,116.444,0,0,0,0,HC500-2,2/5/2019,,1:52:51 PM,1
A,HC532,foothill,107.11451,4.77806,,60,70,116.444,0,0,0,0,HC500-2,2/5/2019,Sus scrofa,2:52:51 PM,2
A,HC533,foothill,107.11451,4.77806,,60,70,116.444,0,0,0,0,HC500-2,2/5/2019,Sus scrofa,3:52:51 PM,1
A,HC534,foothill,107.11451,4.77806,,60,70,116.444,0,0,0,0,HC500-2,3/5/2019,Sus scrofa,4:52:51 PM,1
A,HC535,foothill,107.11451,4.77806,,60,70,116.444,0,0,0,0,HC500-2,3/5/2019,Sus scrofa,5:52:51 PM,4
A,HC536,foothill,107.11451,4.77806,,60,70,116.444,0,0,0,0,HC500-2,3/5/2019,Sus scrofa,6:52:51 PM,1
A,HC537,foothill,107.11451,4.77806,,60,70,116.444,0,0,0,0,HC500-2,4/5/2019,Sus scrofa,7:52:51 PM,1
A,HC538,foothill,107.11451,4.77806,,60,70,116.444,0,0,0,0,HC500-2,6/5/2019,Sus scrofa,8:52:51 PM,1
A,HC539,foothill,107.11451,4.77806,,60,70,116.444,0,0,0,0,HC500-2,6/5/2019,Macaca fascicularis,9:52:51 PM,2
A,HC540,foothill,107.11451,4.77806,,60,70,116.444,0,0,0,0,HC500-2,6/5/2019,Sus scrofa,10:52:51 PM,1
A,HC541,foothill,107.11451,4.77806,,60,70,116.444,0,0,0,0,HC500-2,6/5/2019,Sus scrofa,11:52:51 PM,1
A,HC542,foothill,107.11451,4.77806,,60,70,116.444,0,0,0,0,HC500-2,7/5/2019,Sus scrofa,12:52:51 AM,2
A,HC543,foothill,107.11451,4.77806,,60,70,116.444,0,0,0,0,HC500-2,8/5/2019,Macaca fascicularis,1:52:51 AM,1
A,HC544,foothill,107.11451,4.77806,,60,70,116.444,0,0,0,0,HC500-2,8/5/2019,Macaca fascicularis,2:52:51 AM,1
A,HC545,foothill,107.11451,4.77806,,60,70,116.444,0,0,0,0,HC500-2,9/5/2019,Sus scrofa,3:52:51 AM,1
A,HC546,foothill,107.11451,4.77806,,60,70,116.444,0,0,0,0,HC500-2,9/5/2019,Sus scrofa,4:52:51 AM,1
A,HC547,foothill,107.11451,4.77806,,60,70,116.444,0,0,0,0,HC500-2,10/5/2019,Sus scrofa,5:52:51 AM,1
A,HC548,foothill,107.11451,4.77806,,60,70,116.444,0,0,0,0,HC500-2,10/5/2019,Sus scrofa,6:52:51 AM,1
A,HC549,foothill,107.11451,4.77806,,60,70,116.444,0,0,0,0,HC500-2,10/5/2019,Sus scrofa,7:52:51 AM,1
A,HC550,foothill,107.11451,4.77806,,60,70,116.444,0,0,0,0,HC500-2,11/5/2019,Sus scrofa,8:52:51 AM,1
A,HC551,foothill,107.11451,4.77806,,60,70,116.444,0,0,0,0,HC500-2,12/5/2019,Sus scrofa,9:52:51 AM,1
A,HC552,foothill,107.11451,4.77806,,60,70,116.444,0,0,0,0,HC500-2,13/5/2019,Sus scrofa,10:52:51 AM,3
A,HC553,foothill,107.11451,4.77806,,60,70,116.444,0,0,0,0,HC500-2,14/5/2019,Macaca fascicularis,11:52:51 AM,3
A,HC554,foothill,107.11451,4.77806,,60,70,116.444,0,0,0,0,HC500-2,18/5/2019,Sus scrofa,12:52:51 PM,2
A,HC555,foothill,107.11451,4.77806,,60,70,116.444,0,0,0,0,HC500-2,21/5/2019,Sus scrofa,1:52:51 PM,1
A,HC556,foothill,107.11451,4.77806,,60,70,116.444,0,0,0,0,HC500-2,22/5/2019,Sus scrofa,2:52:51 PM,1
A,HC557,foothill,107.11451,4.77806,,60,70,116.444,0,0,0,0,HC500-2,22/5/2019,Sus scrofa,3:52:51 PM,1
A,HC558,foothill,107.11451,4.77806,,60,70,116.444,0,0,0,0,HC500-2,23/5/2019,Sus scrofa,4:52:51 PM,1
A,HC559,foothill,107.11451,4.77806,,60,70,116.444,0,0,0,0,HC500-2,7/6/2019,Macaca fascicularis,5:52:51 PM,1
A,HC560,foothill,107.11451,4.77806,,60,70,116.444,0,0,0,0,HC500-2,20/6/2019,Sus scrofa,6:52:51 PM,1
A,HC561,foothill,107.11451,4.77806,,60,70,116.444,0,0,0,0,HC500-2,23/6/2019,Macaca fascicularis,7:52:51 PM,5
A,HC562,foothill,107.11451,4.77806,,60,70,116.444,0,0,0,0,HC500-2,2/7/2019,Sus scrofa,8:52:51 PM,2
A,REC008,steep forest,107.11542,4.77787,10,80,40,216.661,44.47216,269.43088,4.8263884,14,REC008,25/4/2019,SQUIRREL,9:52:51 PM,1
A,REC008,steep forest,107.11542,4.77787,10,80,40,216.661,44.47216,269.43088,4.8263884,14,REC008,26/4/2019,Viverra tangalunga,10:52:51 PM,1
A,REC008,steep forest,107.11542,4.77787,10,80,40,216.661,44.47216,269.43088,4.8263884,14,REC008,26/4/2019,Capricornis sumantraensis,11:52:51 PM,1
A,REC008,steep forest,107.11542,4.77787,10,80,40,216.661,44.47216,269.43088,4.8263884,14,REC008,27/4/2019,Capricornis sumantraensis,12:52:51 AM,1
A,REC008,steep forest,107.11542,4.77787,10,80,40,216.661,44.47216,269.43088,4.8263884,14,REC008,1/5/2019,Capricornis sumantraensis,1:52:51 AM,2
A,REC008,steep forest,107.11542,4.77787,10,80,40,216.661,44.47216,269.43088,4.8263884,14,REC008,5/5/2019,Capricornis sumantraensis,2:52:51 AM,1
A,REC008,steep forest,107.11542,4.77787,10,80,40,216.661,44.47216,269.43088,4.8263884,14,REC008,7/5/2019,Capricornis sumantraensis,3:52:51 AM,1
A,REC008,steep forest,107.11542,4.77787,10,80,40,216.661,44.47216,269.43088,4.8263884,14,REC008,10/5/2019,SQUIRREL,4:52:51 AM,1
A,REC008,steep forest,107.11542,4.77787,10,80,40,216.661,44.47216,269.43088,4.8263884,14,REC008,10/5/2019,Capricornis sumantraensis,5:52:51 AM,1
A,REC008,steep forest,107.11542,4.77787,10,80,40,216.661,44.47216,269.43088,4.8263884,14,REC008,14/5/2019,Capricornis sumantraensis,6:52:51 AM,2
A,REC008,steep forest,107.11542,4.77787,10,80,40,216.661,44.47216,269.43088,4.8263884,14,REC008,18/5/2019,Capricornis sumantraensis,7:52:51 AM,1
A,REC008,steep forest,107.11542,4.77787,10,80,40,216.661,44.47216,269.43088,4.8263884,14,REC008,19/5/2019,Capricornis sumantraensis,8:52:51 AM,1
A,REC008,steep forest,107.11542,4.77787,10,80,40,216.661,44.47216,269.43088,4.8263884,14,REC008,30/5/2019,Capricornis sumantraensis,9:52:51 AM,1
A,REC008,steep forest,107.11542,4.77787,10,80,40,216.661,44.47216,269.43088,4.8263884,14,REC008,5/6/2019,Capricornis sumantraensis,10:52:51 AM,1
A,REC008,steep forest,107.11542,4.77787,10,80,40,216.661,44.47216,269.43088,4.8263884,14,REC008,14/6/2019,Capricornis sumantraensis,11:52:51 AM,1
A,REC008,steep forest,107.11542,4.77787,10,80,40,216.661,44.47216,269.43088,4.8263884,14,REC008,15/6/2019,SQUIRREL,12:52:51 PM,1
A,REC008,steep forest,107.11542,4.77787,10,80,40,216.661,44.47216,269.43088,4.8263884,14,REC008,17/6/2019,Viverra tangalunga,1:52:51 PM,1
Disturbed 1,REC145,foothill,107.11407,4.7761,10,60,5,114.522,0,0,0,,REC011,26/4/2019,,2:52:51 PM,
Disturbed 1,REC145,foothill,107.11407,4.7761,10,60,5,114.522,0,0,0,,REC011,26/4/2019,,3:52:51 PM,
Disturbed 1,REC145,foothill,107.11407,4.7761,10,60,5,114.522,0,0,0,,REC011,26/4/2019,Macaca fascicularis,4:52:51 PM,1
Disturbed 1,REC145,foothill,107.11407,4.7761,10,60,5,114.522,0,0,0,,REC011,29/4/2019,Sus scrofa,5:52:51 PM,1
Disturbed 1,REC145,foothill,107.11407,4.7761,10,60,5,114.522,0,0,0,,REC011,29/4/2019,SQUIRREL,6:52:51 PM,1
Disturbed 1,REC145,foothill,107.11407,4.7761,10,60,5,114.522,0,0,0,,REC011,2/5/2019,Sus scrofa,7:52:51 PM,1
Disturbed 1,REC145,foothill,107.11407,4.7761,10,60,5,114.522,0,0,0,,REC011,2/5/2019,Sus scrofa,8:52:51 PM,1
Disturbed 1,REC145,foothill,107.11407,4.7761,10,60,5,114.522,0,0,0,,REC011,3/5/2019,Sus scrofa,9:52:51 PM,1
Disturbed 1,REC145,foothill,107.11407,4.7761,10,60,5,114.522,0,0,0,,REC011,3/5/2019,Sus scrofa,10:52:51 PM,1
Disturbed 1,REC145,foothill,107.11407,4.7761,10,60,5,114.522,0,0,0,,REC011,3/5/2019,Sus scrofa,11:52:51 PM,1
Disturbed 1,REC145,foothill,107.11407,4.7761,10,60,5,114.522,0,0,0,,REC011,4/5/2019,Sus scrofa,12:52:51 AM,1
Disturbed 1,REC145,foothill,107.11407,4.7761,10,60,5,114.522,0,0,0,,REC011,10/5/2019,SQUIRREL,1:52:51 AM,1
Disturbed 1,REC145,foothill,107.11407,4.7761,10,60,5,114.522,0,0,0,,REC011,14/5/2019,Macaca fascicularis,2:52:51 AM,2
A,REC067,foothill,107.11459,4.77806,10,60,70,101.304,0,0,0,3,REC067,26/4/2019,Sus scrofa,3:52:51 AM,1
A,REC067,foothill,107.11459,4.77806,10,60,70,101.304,0,0,0,3,REC067,27/4/2019,Sus scrofa,4:52:51 AM,1
A,REC067,foothill,107.11459,4.77806,10,60,70,101.304,0,0,0,3,REC067,27/4/2019,Sus scrofa,5:52:51 AM,2
A,REC067,foothill,107.11459,4.77806,10,60,70,101.304,0,0,0,3,REC067,28/4/2019,Sus scrofa,6:52:51 AM,1
A,REC067,foothill,107.11459,4.77806,10,60,70,101.304,0,0,0,3,REC067,29/4/2019,Sus scrofa,7:52:51 AM,1
A,REC067,foothill,107.11459,4.77806,10,60,70,101.304,0,0,0,3,REC067,29/4/2019,Sus scrofa,8:52:51 AM,1
A,REC067,foothill,107.11459,4.77806,10,60,70,101.304,0,0,0,3,REC067,29/4/2019,Macaca fascicularis,9:52:51 AM,2
A,REC067,foothill,107.11459,4.77806,10,60,70,101.304,0,0,0,3,REC067,29/4/2019,Sus scrofa,10:52:51 AM,1
A,REC067,foothill,107.11459,4.77806,10,60,70,101.304,0,0,0,3,REC067,30/4/2019,Sus scrofa,11:52:51 AM,1
A,REC067,foothill,107.11459,4.77806,10,60,70,101.304,0,0,0,3,REC067,30/4/2019,Macaca fascicularis,12:52:51 PM,2
A,REC067,foothill,107.11459,4.77806,10,60,70,101.304,0,0,0,3,REC067,30/4/2019,Sus scrofa,1:52:51 PM,1
A,REC067,foothill,107.11459,4.77806,10,60,70,101.304,0,0,0,3,REC067,1/5/2019,Macaca fascicularis,2:52:51 PM,1
A,REC067,foothill,107.11459,4.77806,10,60,70,101.304,0,0,0,3,REC067,1/5/2019,Sus scrofa,3:52:51 PM,2
A,REC067,foothill,107.11459,4.77806,10,60,70,101.304,0,0,0,3,REC067,1/5/2019,Sus scrofa,4:52:51 PM,1
A,REC067,foothill,107.11459,4.77806,10,60,70,101.304,0,0,0,3,REC067,2/5/2019,Sus scrofa,5:52:51 PM,2
A,REC067,foothill,107.11459,4.77806,10,60,70,101.304,0,0,0,3,REC067,2/5/2019,Sus scrofa,6:52:51 PM,2
A,REC067,foothill,107.11459,4.77806,10,60,70,101.304,0,0,0,3,REC067,2/5/2019,,7:52:51 PM,
A,REC067,foothill,107.11459,4.77806,10,60,70,101.304,0,0,0,3,REC067,3/5/2019,,8:52:51 PM,
A,REC067,foothill,107.11459,4.77806,10,60,70,101.304,0,0,0,3,REC067,3/5/2019,Sus scrofa,9:52:51 PM,1
A,REC067,foothill,107.11459,4.77806,10,60,70,101.304,0,0,0,3,REC067,3/5/2019,Sus scrofa,10:52:51 PM,1
A,REC067,foothill,107.11459,4.77806,10,60,70,101.304,0,0,0,3,REC067,3/5/2019,Sus scrofa,11:52:51 PM,1
A,REC067,foothill,107.11459,4.77806,10,60,70,101.304,0,0,0,3,REC067,3/5/2019,Sus scrofa,12:52:51 AM,1
A,REC067,foothill,107.11459,4.77806,10,60,70,101.304,0,0,0,3,REC067,4/5/2019,Sus scrofa,1:52:51 AM,1
A,REC067,foothill,107.11459,4.77806,10,60,70,101.304,0,0,0,3,REC067,6/5/2019,,2:52:51 AM,
A,REC067,foothill,107.11459,4.77806,10,60,70,101.304,0,0,0,3,REC067,7/5/2019,Sus scrofa,3:52:51 AM,1
A,REC067,foothill,107.11459,4.77806,10,60,70,101.304,0,0,0,3,REC067,7/5/2019,Sus scrofa,4:52:51 AM,5
A,REC067,foothill,107.11459,4.77806,10,60,70,101.304,0,0,0,3,REC067,9/5/2019,Sus scrofa,5:52:51 AM,1
A,REC067,foothill,107.11459,4.77806,10,60,70,101.304,0,0,0,3,REC067,10/5/2019,Sus scrofa,6:52:51 AM,1
A,REC067,foothill,107.11459,4.77806,10,60,70,101.304,0,0,0,3,REC067,13/5/2019,Sus scrofa,7:52:51 AM,1
A,REC067,foothill,107.11459,4.77806,10,60,70,101.304,0,0,0,3,REC067,14/5/2019,Viverra tangalunga,8:52:51 AM,1
A,REC067,foothill,107.11459,4.77806,10,60,70,101.304,0,0,0,3,REC067,14/5/2019,Macaca fascicularis,9:52:51 AM,1
A,REC067,foothill,107.11459,4.77806,10,60,70,101.304,0,0,0,3,REC067,15/5/2019,Sus scrofa,10:52:51 AM,2
A,REC067,foothill,107.11459,4.77806,10,60,70,101.304,0,0,0,3,REC067,15/5/2019,Sus scrofa,11:52:51 AM,1
A,REC067,foothill,107.11459,4.77806,10,60,70,101.304,0,0,0,3,REC067,15/5/2019,Sus scrofa,12:52:51 PM,1
A,REC067,foothill,107.11459,4.77806,10,60,70,101.304,0,0,0,3,REC067,18/5/2019,Sus scrofa,1:52:51 PM,1
A,REC067,foothill,107.11459,4.77806,10,60,70,101.304,0,0,0,3,REC067,20/5/2019,Sus scrofa,2:52:51 PM,2
A,REC067,foothill,107.11459,4.77806,10,60,70,101.304,0,0,0,3,REC067,20/5/2019,Sus scrofa,3:52:51 PM,1
A,REC067,foothill,107.11459,4.77806,10,60,70,101.304,0,0,0,3,REC067,21/5/2019,Sus scrofa,4:52:51 PM,2
A,REC067,foothill,107.11459,4.77806,10,60,70,101.304,0,0,0,3,REC067,22/5/2019,Sus scrofa,5:52:51 PM,1
A,REC067,foothill,107.11459,4.77806,10,60,70,101.304,0,0,0,3,REC067,23/5/2019,Sus scrofa,6:52:51 PM,1
A,REC067,foothill,107.11459,4.77806,10,60,70,101.304,0,0,0,3,REC067,24/5/2019,Sus scrofa,7:52:51 PM,1
A,REC067,foothill,107.11459,4.77806,10,60,70,101.304,0,0,0,3,REC067,26/5/2019,Sus scrofa,8:52:51 PM,2
A,REC067,foothill,107.11459,4.77806,10,60,70,101.304,0,0,0,3,REC067,27/5/2019,Sus scrofa,9:52:51 PM,2
A,REC067,foothill,107.11459,4.77806,10,60,70,101.304,0,0,0,3,REC067,27/5/2019,Macaca fascicularis,10:52:51 PM,1
A,REC067,foothill,107.11459,4.77806,10,60,70,101.304,0,0,0,3,REC067,27/5/2019,Sus scrofa,11:52:51 PM,1
A,REC067,foothill,107.11459,4.77806,10,60,70,101.304,0,0,0,3,REC067,28/5/2019,Sus scrofa,12:52:51 AM,2
A,REC067,foothill,107.11459,4.77806,10,60,70,101.304,0,0,0,3,REC067,28/5/2019,,1:52:51 AM,
A,REC067,foothill,107.11459,4.77806,10,60,70,101.304,0,0,0,3,REC067,29/5/2019,Sus scrofa,2:52:51 AM,1
A,REC067,foothill,107.11459,4.77806,10,60,70,101.304,0,0,0,3,REC067,30/5/2019,Sus scrofa,3:52:51 AM,1
A,REC067,foothill,107.11459,4.77806,10,60,70,101.304,0,0,0,3,REC067,31/5/2019,Sus scrofa,4:52:51 AM,1
A,REC067,foothill,107.11459,4.77806,10,60,70,101.304,0,0,0,3,REC067,1/6/2019,Sus scrofa,5:52:51 AM,1
A,REC067,foothill,107.11459,4.77806,10,60,70,101.304,0,0,0,3,REC067,1/6/2019,Sus scrofa,6:52:51 AM,1
A,REC067,foothill,107.11459,4.77806,10,60,70,101.304,0,0,0,3,REC067,3/6/2019,Sus scrofa,7:52:51 AM,1
A,REC067,foothill,107.11459,4.77806,10,60,70,101.304,0,0,0,3,REC067,3/6/2019,Sus scrofa,8:52:51 AM,2
A,REC067,foothill,107.11459,4.77806,10,60,70,101.304,0,0,0,3,REC067,4/6/2019,Sus scrofa,9:52:51 AM,2
A,REC067,foothill,107.11459,4.77806,10,60,70,101.304,0,0,0,3,REC067,4/6/2019,Sus scrofa,10:52:51 AM,1
A,REC067,foothill,107.11459,4.77806,10,60,70,101.304,0,0,0,3,REC067,4/6/2019,Sus scrofa,11:52:51 AM,1
A,REC067,foothill,107.11459,4.77806,10,60,70,101.304,0,0,0,3,REC067,4/6/2019,Sus scrofa,12:52:51 PM,1
A,REC067,foothill,107.11459,4.77806,10,60,70,101.304,0,0,0,3,REC067,7/6/2019,Sus scrofa,1:52:51 PM,1
A,REC067,foothill,107.11459,4.77806,10,60,70,101.304,0,0,0,3,REC067,8/6/2019,,2:52:51 PM,
A,REC067,foothill,107.11459,4.77806,10,60,70,101.304,0,0,0,3,REC067,10/6/2019,Sus scrofa,3:52:51 PM,2
A,REC067,foothill,107.11459,4.77806,10,60,70,101.304,0,0,0,3,REC067,10/6/2019,Sus scrofa,4:52:51 PM,2
A,REC067,foothill,107.11459,4.77806,10,60,70,101.304,0,0,0,3,REC067,11/6/2019,Sus scrofa,5:52:51 PM,2
A,REC067,foothill,107.11459,4.77806,10,60,70,101.304,0,0,0,3,REC067,15/6/2019,Sus scrofa,6:52:51 PM,1
A,REC067,foothill,107.11459,4.77806,10,60,70,101.304,0,0,0,3,REC067,20/6/2019,Sus scrofa,7:52:51 PM,1
A,REC067,foothill,107.11459,4.77806,10,60,70,101.304,0,0,0,3,REC067,21/6/2019,Sus scrofa,8:52:51 PM,3
A,REC067,foothill,107.11459,4.77806,10,60,70,101.304,0,0,0,3,REC067,22/6/2019,Sus scrofa,9:52:51 PM,1
A,REC067,foothill,107.11459,4.77806,10,60,70,101.304,0,0,0,3,REC067,25/6/2019,Sus scrofa,10:52:51 PM,1
A,REC067,foothill,107.11459,4.77806,10,60,70,101.304,0,0,0,3,REC067,28/6/2019,Sus scrofa,11:52:51 PM,1
A,REC067,foothill,107.11459,4.77806,10,60,70,101.304,0,0,0,3,REC067,29/6/2019,Sus scrofa,12:52:51 AM,1
A,REC067,foothill,107.11459,4.77806,10,60,70,101.304,0,0,0,3,REC067,2/7/2019,Sus scrofa,1:52:51 AM,1
A,REC067,foothill,107.11459,4.77806,10,60,70,101.304,0,0,0,3,REC067,3/7/2019,Sus scrofa,2:52:51 AM,1
A,REC067,foothill,107.11459,4.77806,10,60,70,101.304,0,0,0,3,REC067,10/7/2019,Sus scrofa,3:52:51 AM,1
A,REC075,rocky forest,107.11594,4.77768,10,80,60,270.014,42.109875,254.68251,4.4569645,6,REC075,28/4/2019,Capricornis sumantraensis,4:52:51 AM,1
A,REC075,rocky forest,107.11594,4.77768,10,80,60,270.014,42.109875,254.68251,4.4569645,6,REC075,28/4/2019,Capricornis sumantraensis,5:52:51 AM,1
A,REC075,rocky forest,107.11594,4.77768,10,80,60,270.014,42.109875,254.68251,4.4569645,6,REC075,29/4/2019,Capricornis sumantraensis,6:52:51 AM,1
A,REC075,rocky forest,107.11594,4.77768,10,80,60,270.014,42.109875,254.68251,4.4569645,6,REC075,29/4/2019,Capricornis sumantraensis,7:52:51 AM,1
A,REC075,rocky forest,107.11594,4.77768,10,80,60,270.014,42.109875,254.68251,4.4569645,6,REC075,10/5/2019,Macaca fascicularis,8:52:51 AM,1
A,REC075,rocky forest,107.11594,4.77768,10,80,60,270.014,42.109875,254.68251,4.4569645,6,REC075,30/6/2019,Capricornis sumantraensis,9:52:51 AM,1
A,REC075,rocky forest,107.11594,4.77768,10,80,60,270.014,42.109875,254.68251,4.4569645,6,REC075,1/7/2019,Capricornis sumantraensis,10:52:51 AM,1
Disturbed 1,REC093,foothill,107.11426,4.77611,10,60,5,116.925,0,0,0,9,REC093,3/5/2019,Sus scrofa,11:52:51 AM,1
Disturbed 1,REC093,foothill,107.11426,4.77611,10,60,5,116.925,0,0,0,9,REC093,4/5/2019,Macaca fascicularis,12:52:51 PM,1
Disturbed 1,REC093,foothill,107.11426,4.77611,10,60,5,116.925,0,0,0,9,REC093,24/5/2019,Sus scrofa,1:52:51 PM,2
Disturbed 1,REC093,foothill,107.11426,4.77611,10,60,5,116.925,0,0,0,9,REC093,26/5/2019,Gallus gallus,2:52:51 PM,2
Disturbed 1,REC093,foothill,107.11426,4.77611,10,60,5,116.925,0,0,0,9,REC093,27/5/2019,Sus scrofa,3:52:51 PM,1
Disturbed 1,REC093,foothill,107.11426,4.77611,10,60,5,116.925,0,0,0,9,REC093,5/6/2019,Sus scrofa,4:52:51 PM,2
Disturbed 1,REC093,foothill,107.11426,4.77611,10,60,5,116.925,0,0,0,9,REC093,7/6/2019,Macaca fascicularis,5:52:51 PM,1
Disturbed 1,REC093,foothill,107.11426,4.77611,10,60,5,116.925,0,0,0,9,REC093,8/6/2019,LEOPARD CAT,6:52:51 PM,1
Disturbed 1,REC093,foothill,107.11426,4.77611,10,60,5,116.925,0,0,0,9,REC093,8/6/2019,,7:52:51 PM,
Disturbed 1,REC093,foothill,107.11426,4.77611,10,60,5,116.925,0,0,0,9,REC093,12/6/2019,Macaca fascicularis,8:52:51 PM,1
Disturbed 1,REC093,foothill,107.11426,4.77611,10,60,5,116.925,0,0,0,9,REC093,14/6/2019,,9:52:51 PM,
Disturbed 1,REC093,foothill,107.11426,4.77611,10,60,5,116.925,0,0,0,9,REC093,15/6/2019,Capricornis sumantraensis,10:52:51 PM,1
Disturbed 1,REC093,foothill,107.11426,4.77611,10,60,5,116.925,0,0,0,9,REC093,19/6/2019,LEOPARD CAT,11:52:51 PM,1
Disturbed 1,REC093,foothill,107.11426,4.77611,10,60,5,116.925,0,0,0,9,REC093,23/6/2019,Sus scrofa,12:52:51 AM,1
Disturbed 1,REC093,foothill,107.11426,4.77611,10,60,5,116.925,0,0,0,9,REC093,23/6/2019,Sus scrofa,1:52:51 AM,2
Disturbed 1,REC093,foothill,107.11426,4.77611,10,60,5,116.925,0,0,0,9,REC093,24/6/2019,Sus scrofa,2:52:51 AM,1
Disturbed 1,REC093,foothill,107.11426,4.77611,10,60,5,116.925,0,0,0,9,REC093,24/6/2019,Sus scrofa,3:52:51 AM,1
Disturbed 1,REC093,foothill,107.11426,4.77611,10,60,5,116.925,0,0,0,9,REC093,26/6/2019,Viverra tangalunga,4:52:51 AM,1
Disturbed 1,REC093,foothill,107.11426,4.77611,10,60,5,116.925,0,0,0,9,REC093,1/7/2019,Capricornis sumantraensis,5:52:51 AM,2
Disturbed 1,REC093,foothill,107.11426,4.77611,10,60,5,116.925,0,0,0,9,REC093,4/7/2019,Gallus gallus,6:52:51 AM,1
Disturbed 1,REC093,foothill,107.11426,4.77611,10,60,5,116.925,0,0,0,9,REC093,9/7/2019,Capricornis sumantraensis,7:52:51 AM,1
A,REC106,steep forest,107.11551,4.77791,7,80,40,216.901,56.81618,290.38077,7.48877,89,REC106,27/4/2019,,8:52:51 AM,
A,REC106,steep forest,107.11551,4.77791,7,80,40,216.901,56.81618,290.38077,7.48877,89,REC106,28/7/2019,SQUIRREL,9:52:51 AM,1
A,REC106,steep forest,107.11551,4.77791,7,80,40,216.901,56.81618,290.38077,7.48877,89,REC106,30/4/2019,LEOPARD CAT,10:52:51 AM,1
A,REC106,steep forest,107.11551,4.77791,7,80,40,216.901,56.81618,290.38077,7.48877,89,REC106,1/5/2019,Capricornis sumantraensis,11:52:51 AM,2
A,REC106,steep forest,107.11551,4.77791,7,80,40,216.901,56.81618,290.38077,7.48877,89,REC106,1/5/2019,Macaca fascicularis,12:52:51 PM,8
A,REC106,steep forest,107.11551,4.77791,7,80,40,216.901,56.81618,290.38077,7.48877,89,REC106,5/5/2019,Capricornis sumantraensis,1:52:51 PM,1
A,REC106,steep forest,107.11551,4.77791,7,80,40,216.901,56.81618,290.38077,7.48877,89,REC106,10/5/2019,SQUIRREL,2:52:51 PM,1
A,REC106,steep forest,107.11551,4.77791,7,80,40,216.901,56.81618,290.38077,7.48877,89,REC106,10/5/2019,Capricornis sumantraensis,3:52:51 PM,1
A,REC106,steep forest,107.11551,4.77791,7,80,40,216.901,56.81618,290.38077,7.48877,89,REC106,12/5/2019,LEOPARD CAT,4:52:51 PM,1
A,REC106,steep forest,107.11551,4.77791,7,80,40,216.901,56.81618,290.38077,7.48877,89,REC106,14/5/2019,Capricornis sumantraensis,5:52:51 PM,2
A,REC106,steep forest,107.11551,4.77791,7,80,40,216.901,56.81618,290.38077,7.48877,89,REC106,18/5/2019,Capricornis sumantraensis,6:52:51 PM,2
A,REC106,steep forest,107.11551,4.77791,7,80,40,216.901,56.81618,290.38077,7.48877,89,REC106,19/5/2019,Capricornis sumantraensis,7:52:51 PM,1
A,REC106,steep forest,107.11551,4.77791,7,80,40,216.901,56.81618,290.38077,7.48877,89,REC106,23/5/2019,LEOPARD CAT,8:52:51 PM,1
A,REC106,steep forest,107.11551,4.77791,7,80,40,216.901,56.81618,290.38077,7.48877,89,REC106,26/5/2918,Viverra tangalunga,9:52:51 PM,1
A,REC106,steep forest,107.11551,4.77791,7,80,40,216.901,56.81618,290.38077,7.48877,89,REC106,26/5/2019,Sus scrofa,10:52:51 PM,1
A,REC106,steep forest,107.11551,4.77791,7,80,40,216.901,56.81618,290.38077,7.48877,89,REC106,26/5/2019,Sus scrofa,11:52:51 PM,1
A,REC106,steep forest,107.11551,4.77791,7,80,40,216.901,56.81618,290.38077,7.48877,89,REC106,29/5/2019,Sus scrofa,12:52:51 AM,1
A,REC106,steep forest,107.11551,4.77791,7,80,40,216.901,56.81618,290.38077,7.48877,89,REC106,31/5/2019,Sus scrofa,1:52:51 AM,1
A,REC106,steep forest,107.11551,4.77791,7,80,40,216.901,56.81618,290.38077,7.48877,89,REC106,1/6/2019,Sus scrofa,2:52:51 AM,6
A,REC106,steep forest,107.11551,4.77791,7,80,40,216.901,56.81618,290.38077,7.48877,89,REC106,2/6/2019,Sus scrofa,3:52:51 AM,6
A,REC106,steep forest,107.11551,4.77791,7,80,40,216.901,56.81618,290.38077,7.48877,89,REC106,2/6/2019,Sus scrofa,4:52:51 AM,6
A,REC106,steep forest,107.11551,4.77791,7,80,40,216.901,56.81618,290.38077,7.48877,89,REC106,3/6/2019,Sus scrofa,5:52:51 AM,6
A,REC106,steep forest,107.11551,4.77791,7,80,40,216.901,56.81618,290.38077,7.48877,89,REC106,4/6/2019,Sus scrofa,6:52:51 AM,6
A,REC106,steep forest,107.11551,4.77791,7,80,40,216.901,56.81618,290.38077,7.48877,89,REC106,4/6/2019,Sus scrofa,7:52:51 AM,6
A,REC106,steep forest,107.11551,4.77791,7,80,40,216.901,56.81618,290.38077,7.48877,89,REC106,5/6/2019,Sus scrofa,8:52:51 AM,6
A,REC106,steep forest,107.11551,4.77791,7,80,40,216.901,56.81618,290.38077,7.48877,89,REC106,6/6/2019,Sus scrofa,9:52:51 AM,6
A,REC106,steep forest,107.11551,4.77791,7,80,40,216.901,56.81618,290.38077,7.48877,89,REC106,19/6/2019,Capricornis sumantraensis,10:52:51 AM,1
A,REC106,steep forest,107.11551,4.77791,7,80,40,216.901,56.81618,290.38077,7.48877,89,REC106,19/6/2019,Capricornis sumantraensis,11:52:51 AM,1
A,REC106,steep forest,107.11551,4.77791,7,80,40,216.901,56.81618,290.38077,7.48877,89,REC106,19/6/2019,Capricornis sumantraensis,12:52:51 PM,1
A,REC106,steep forest,107.11551,4.77791,7,80,40,216.901,56.81618,290.38077,7.48877,89,REC106,21/6/2019,Capricornis sumantraensis,1:52:51 PM,1
A,REC106,steep forest,107.11551,4.77791,7,80,40,216.901,56.81618,290.38077,7.48877,89,REC106,21/6/2019,Capricornis sumantraensis,2:52:51 PM,1
A,REC106,steep forest,107.11551,4.77791,7,80,40,216.901,56.81618,290.38077,7.48877,89,REC106,21/6/2019,Capricornis sumantraensis,3:52:51 PM,1
A,REC106,steep forest,107.11551,4.77791,7,80,40,216.901,56.81618,290.38077,7.48877,89,REC106,21/6/2019,Capricornis sumantraensis,4:52:51 PM,1
A,REC106,steep forest,107.11551,4.77791,7,80,40,216.901,56.81618,290.38077,7.48877,89,REC106,21/6/2019,Capricornis sumantraensis,5:52:51 PM,1
A,REC106,steep forest,107.11551,4.77791,7,80,40,216.901,56.81618,290.38077,7.48877,89,REC106,24/6/2019,Capricornis sumantraensis,6:52:51 PM,1
A,REC106,steep forest,107.11551,4.77791,7,80,40,216.901,56.81618,290.38077,7.48877,89,REC106,24/6/2019,Sus scrofa,7:52:51 PM,1
A,REC106,steep forest,107.11551,4.77791,7,80,40,216.901,56.81618,290.38077,7.48877,89,REC106,27/6/2019,Capricornis sumantraensis,8:52:51 PM,1
A,REC106,steep forest,107.11551,4.77791,7,80,40,216.901,56.81618,290.38077,7.48877,89,REC106,27/6/2019,Capricornis sumantraensis,9:52:51 PM,1
A,REC106,steep forest,107.11551,4.77791,7,80,40,216.901,56.81618,290.38077,7.48877,89,REC106,27/6/2019,Capricornis sumantraensis,10:52:51 PM,1
A,REC106,steep forest,107.11551,4.77791,7,80,40,216.901,56.81618,290.38077,7.48877,89,REC106,28/6/2019,Capricornis sumantraensis,11:52:51 PM,2
A,REC106,steep forest,107.11551,4.77791,7,80,40,216.901,56.81618,290.38077,7.48877,89,REC106,1/7/2019,Capricornis sumantraensis,12:52:51 AM,1
A,REC106,steep forest,107.11551,4.77791,7,80,40,216.901,56.81618,290.38077,7.48877,89,REC106,3/7/2019,Capricornis sumantraensis,1:52:51 AM,1
A,REC106,steep forest,107.11551,4.77791,7,80,40,216.901,56.81618,290.38077,7.48877,89,REC106,3/7/2019,Capricornis sumantraensis,2:52:51 AM,1
A,REC106,steep forest,107.11551,4.77791,7,80,40,216.901,56.81618,290.38077,7.48877,89,REC106,3/7/2019,Capricornis sumantraensis,3:52:51 AM,1
A,REC106,steep forest,107.11551,4.77791,7,80,40,216.901,56.81618,290.38077,7.48877,89,REC106,3/7/2019,Capricornis sumantraensis,4:52:51 AM,1
A,REC106,steep forest,107.11551,4.77791,7,80,40,216.901,56.81618,290.38077,7.48877,89,REC106,3/7/2019,Capricornis sumantraensis,5:52:51 AM,1
A,REC106,steep forest,107.11551,4.77791,7,80,40,216.901,56.81618,290.38077,7.48877,89,REC106,3/7/2019,Capricornis sumantraensis,6:52:51 AM,1
A,REC106,steep forest,107.11551,4.77791,7,80,40,216.901,56.81618,290.38077,7.48877,89,REC106,3/7/2019,Capricornis sumantraensis,7:52:51 AM,1
A,REC106,steep forest,107.11551,4.77791,7,80,40,216.901,56.81618,290.38077,7.48877,89,REC106,3/7/2019,Capricornis sumantraensis,8:52:51 AM,1
A,REC106,steep forest,107.11551,4.77791,7,80,40,216.901,56.81618,290.38077,7.48877,89,REC106,6/7/2019,Capricornis sumantraensis,9:52:51 AM,1
A,REC106,steep forest,107.11551,4.77791,7,80,40,216.901,56.81618,290.38077,7.48877,89,REC106,6/7/2019,Capricornis sumantraensis,10:52:51 AM,2
A,REC106,steep forest,107.11551,4.77791,7,80,40,216.901,56.81618,290.38077,7.48877,89,REC106,11/7/2019,Capricornis sumantraensis,11:52:51 AM,1
A,REC106,steep forest,107.11551,4.77791,7,80,40,216.901,56.81618,290.38077,7.48877,89,REC106,11/7/2019,Capricornis sumantraensis,12:52:51 PM,1
A,REC106,steep forest,107.11551,4.77791,7,80,40,216.901,56.81618,290.38077,7.48877,89,REC106,11/7/2019,Capricornis sumantraensis,1:52:51 PM,1
A,REC106,steep forest,107.11551,4.77791,7,80,40,216.901,56.81618,290.38077,7.48877,89,REC106,11/7/2019,Capricornis sumantraensis,2:52:51 PM,1
A,REC106,steep forest,107.11551,4.77791,7,80,40,216.901,56.81618,290.38077,7.48877,89,REC106,11/7/2019,Capricornis sumantraensis,3:52:51 PM,1
A,REC106,steep forest,107.11551,4.77791,7,80,40,216.901,56.81618,290.38077,7.48877,89,REC106,11/7/2019,Capricornis sumantraensis,4:52:51 PM,1
A,REC106,steep forest,107.11551,4.77791,7,80,40,216.901,56.81618,290.38077,7.48877,89,REC106,12/7/2019,Capricornis sumantraensis,5:52:51 PM,1
A,REC106,steep forest,107.11551,4.77791,7,80,40,216.901,56.81618,290.38077,7.48877,89,REC106,12/7/2019,Capricornis sumantraensis,6:52:51 PM,1
A,REC106,steep forest,107.11551,4.77791,7,80,40,216.901,56.81618,290.38077,7.48877,89,REC106,12/7/2019,Capricornis sumantraensis,7:52:51 PM,1
A,REC106,steep forest,107.11551,4.77791,7,80,40,216.901,56.81618,290.38077,7.48877,89,REC106,12/7/2019,Capricornis sumantraensis,8:52:51 PM,1
A,REC106,steep forest,107.11551,4.77791,7,80,40,216.901,56.81618,290.38077,7.48877,89,REC106,12/7/2019,Capricornis sumantraensis,9:52:51 PM,1
A,REC106,steep forest,107.11551,4.77791,7,80,40,216.901,56.81618,290.38077,7.48877,89,REC106,12/7/2019,Capricornis sumantraensis,10:52:51 PM,1
A,REC106,steep forest,107.11551,4.77791,7,80,40,216.901,56.81618,290.38077,7.48877,89,REC106,12/7/2019,Capricornis sumantraensis,11:52:51 PM,1
A,REC106,steep forest,107.11551,4.77791,7,80,40,216.901,56.81618,290.38077,7.48877,89,REC106,13/7/2019,Capricornis sumantraensis,12:52:51 AM,1
A,REC106,steep forest,107.11551,4.77791,7,80,40,216.901,56.81618,290.38077,7.48877,89,REC106,15/7/2019,Capricornis sumantraensis,1:52:51 AM,1
A,REC106,steep forest,107.11551,4.77791,7,80,40,216.901,56.81618,290.38077,7.48877,89,REC106,15/7/2019,Capricornis sumantraensis,2:52:51 AM,1
A,REC106,steep forest,107.11551,4.77791,7,80,40,216.901,56.81618,290.38077,7.48877,89,REC106,15/7/2019,Capricornis sumantraensis,3:52:51 AM,1
A,REC106,steep forest,107.11551,4.77791,7,80,40,216.901,56.81618,290.38077,7.48877,89,REC106,15/7/2019,Capricornis sumantraensis,4:52:51 AM,1
A,REC110,foothill,107.11442,4.77817,10,60,10,102.265,0,0,0,0,REC110,27/4/2019,Sus scrofa,5:52:51 AM,1
A,REC110,foothill,107.11442,4.77817,10,60,10,102.265,0,0,0,0,REC110,29/4/2019,Sus scrofa,6:52:51 AM,1
A,REC110,foothill,107.11442,4.77817,10,60,10,102.265,0,0,0,0,REC110,29/4/2019,Sus scrofa,7:52:51 AM,2
A,REC110,foothill,107.11442,4.77817,10,60,10,102.265,0,0,0,0,REC110,29/4/2019,Sus scrofa,8:52:51 AM,1
A,REC110,foothill,107.11442,4.77817,10,60,10,102.265,0,0,0,0,REC110,30/4/2019,Sus scrofa,9:52:51 AM,1
A,REC110,foothill,107.11442,4.77817,10,60,10,102.265,0,0,0,0,REC110,30/4/2019,Sus scrofa,10:52:51 AM,1
A,REC110,foothill,107.11442,4.77817,10,60,10,102.265,0,0,0,0,REC110,30/4/2019,Sus scrofa,11:52:51 AM,1
A,REC110,foothill,107.11442,4.77817,10,60,10,102.265,0,0,0,0,REC110,30/4/2019,Sus scrofa,12:52:51 PM,2
A,REC110,foothill,107.11442,4.77817,10,60,10,102.265,0,0,0,0,REC110,1/5/2019,Sus scrofa,1:52:51 PM,1
A,REC110,foothill,107.11442,4.77817,10,60,10,102.265,0,0,0,0,REC110,2/5/2019,Sus scrofa,2:52:51 PM,1
A,REC110,foothill,107.11442,4.77817,10,60,10,102.265,0,0,0,0,REC110,3/5/2019,Sus scrofa,3:52:51 PM,1
A,REC110,foothill,107.11442,4.77817,10,60,10,102.265,0,0,0,0,REC110,3/5/2019,Sus scrofa,4:52:51 PM,1
Disturbed 1,REC120,foothill,107.11419,4.77621,10,60,10,115.964,0,0,0,7,REC120,24/4/2019,Sus scrofa,5:52:51 PM,3
Disturbed 1,REC120,foothill,107.11419,4.77621,10,60,10,115.964,0,0,0,7,REC120,24/4/2024,Sus scrofa,6:52:51 PM,1
Disturbed 1,REC120,foothill,107.11419,4.77621,10,60,10,115.964,0,0,0,7,REC120,29/4/2019,Sus scrofa,7:52:51 PM,1
Disturbed 1,REC120,foothill,107.11419,4.77621,10,60,10,115.964,0,0,0,7,REC120,30/4/2019,Sus scrofa,8:52:51 PM,1
Disturbed 1,REC120,foothill,107.11419,4.77621,10,60,10,115.964,0,0,0,7,REC120,8/5/2019,Sus scrofa,9:52:51 PM,1
Disturbed 1,REC120,foothill,107.11419,4.77621,10,60,10,115.964,0,0,0,7,REC120,12/5/2019,Macaca fascicularis,10:52:51 PM,1
Disturbed 1,REC120,foothill,107.11419,4.77621,10,60,10,115.964,0,0,0,7,REC120,17/5/2019,Macaca fascicularis,11:52:51 PM,1
Disturbed 1,REC120,foothill,107.11419,4.77621,10,60,10,115.964,0,0,0,7,REC120,22/5/2019,,12:52:51 AM,1
Disturbed 1,REC120,foothill,107.11419,4.77621,10,60,10,115.964,0,0,0,7,REC120,24/5/2019,Sus scrofa,1:52:51 AM,1
Disturbed 1,REC120,foothill,107.11419,4.77621,10,60,10,115.964,0,0,0,7,REC120,27/5/2019,Macaca fascicularis,2:52:51 AM,1
Disturbed 1,REC120,foothill,107.11419,4.77621,10,60,10,115.964,0,0,0,7,REC120,29/5/2019,Macaca fascicularis,3:52:51 AM,2
Disturbed 1,REC120,foothill,107.11419,4.77621,10,60,10,115.964,0,0,0,7,REC120,29/5/2019,Sus scrofa,4:52:51 AM,1
Disturbed 1,REC120,foothill,107.11419,4.77621,10,60,10,115.964,0,0,0,7,REC120,3/6/2019,Sus scrofa,5:52:51 AM,4
Disturbed 1,REC120,foothill,107.11419,4.77621,10,60,10,115.964,0,0,0,7,REC120,5/6/2019,Sus scrofa,6:52:51 AM,1
Disturbed 1,REC120,foothill,107.11419,4.77621,10,60,10,115.964,0,0,0,7,REC120,7/6/2019,Macaca fascicularis,7:52:51 AM,1
Disturbed 1,REC120,foothill,107.11419,4.77621,10,60,10,115.964,0,0,0,7,REC120,7/6/2019,Sus scrofa,8:52:51 AM,5
Disturbed 1,REC120,foothill,107.11419,4.77621,10,60,10,115.964,0,0,0,7,REC120,12/6/2019,Sus scrofa,9:52:51 AM,1
Disturbed 1,REC120,foothill,107.11419,4.77621,10,60,10,115.964,0,0,0,7,REC120,12/6/2019,Macaca fascicularis,10:52:51 AM,1
Disturbed 1,REC120,foothill,107.11419,4.77621,10,60,10,115.964,0,0,0,7,REC120,13/6/2019,Capricornis sumantraensis,11:52:51 AM,1
Disturbed 1,REC120,foothill,107.11419,4.77621,10,60,10,115.964,0,0,0,7,REC120,13/6/2019,Macaca fascicularis,12:52:51 PM,2
Disturbed 1,REC120,foothill,107.11419,4.77621,10,60,10,115.964,0,0,0,7,REC120,13/6/2019,Sus scrofa,1:52:51 PM,1
Disturbed 1,REC120,foothill,107.11419,4.77621,10,60,10,115.964,0,0,0,7,REC120,15/6/2019,Sus scrofa,2:52:51 PM,1
Disturbed 1,REC120,foothill,107.11419,4.77621,10,60,10,115.964,0,0,0,7,REC120,15/6/2019,Gallus gallus,3:52:51 PM,1
Disturbed 1,REC120,foothill,107.11419,4.77621,10,60,10,115.964,0,0,0,7,REC120,17/6/2019,Sus scrofa,4:52:51 PM,5
Disturbed 1,REC120,foothill,107.11419,4.77621,10,60,10,115.964,0,0,0,7,REC120,20/6/2019,Sus scrofa,5:52:51 PM,2
Disturbed 1,REC120,foothill,107.11419,4.77621,10,60,10,115.964,0,0,0,7,REC120,20/6/2019,Sus scrofa,6:52:51 PM,1
Disturbed 1,REC120,foothill,107.11419,4.77621,10,60,10,115.964,0,0,0,7,REC120,21/6/2019,LEOPARD CAT,7:52:51 PM,1
Disturbed 1,REC120,foothill,107.11419,4.77621,10,60,10,115.964,0,0,0,7,REC120,22/6/2019,Sus scrofa,8:52:51 PM,1
